Period End,Islamabad,Rawalpindi,Gujranwala,Lahore,Faisalabad,Multan,Karachi,Hyderabad,Peshawar,Quetta,Khuzdar,Pakistan
Weekly,PKR ,PKR ,PKR ,PKR ,PKR ,PKR ,PKR ,PKR ,PKR ,PKR ,PKR ,PKR 
14-Dec-23,282.2,282.19,282.2,282.2,282.2,282.22,282.19,283.49,282.2,282.13,282.2,282.44
7-Dec-23,282.2,282.19,282.2,282.2,282.2,282.22,282.19,283.49,282.2,282.13,282.2,282.44
30-Nov-23,282.2,282.19,282.2,282.2,282.2,282.22,282.19,283.49,282.2,282.13,282.2,282.44
23-Nov-23,282.2,282.19,282.2,282.2,282.2,282.22,282.19,283.49,282.2,282.13,282.2,282.44
16-Nov-23,282.2,282.19,282.2,282.2,282.2,282.22,282.19,283.49,282.2,282.13,282.2,282.44
8-Nov-23,284.26,284.21,284.3,284.26,284.2,284.29,284.25,285.65,284.26,284.2,284.26,284.51
2-Nov-23,284.26,284.21,284.3,284.26,284.2,284.29,284.25,285.65,284.26,284.2,284.26,284.51
26-Oct-23,284.26,284.21,284.3,284.26,284.2,284.29,284.25,285.65,284.26,284.2,284.26,284.51
19-Oct-23,284.26,284.21,284.3,284.26,284.2,284.29,284.25,285.65,284.26,284.2,284.26,284.51
12-Oct-23,324.22,324.19,324.3,324.22,324.22,324.25,324.22,325.46,324.2,324.2,324.22,324.45
5-Oct-23,324.22,324.19,324.3,324.22,324.22,324.25,324.22,325.46,324.2,324.2,324.22,324.45
27-Sep-23,332.18,332.15,332.2,332.2,332.2,332.22,332.2,333.4,332.2,332.1,332.2,332.42
21-Sep-23,332.18,332.15,332.2,332.2,332.2,332.22,332.2,333.4,332.2,332.1,332.2,332.42
14-Sep-23,306.15,306.12,306,306.15,306.15,306.24,306.15,307.33,306.1,305.96,306.15,306.36
7-Sep-23,306.15,306.12,306,306.15,306.15,306.24,306.15,307.33,306.1,305.96,306.15,306.36
31-Aug-23,291.22,291.2,291.2,291.22,291.2,291.27,291.21,292.35,291.21,291.05,291.22,291.44
24-Aug-23,291.22,291.2,291.2,291.22,291.2,291.27,291.21,292.35,291.21,291.05,291.22,291.44
17-Aug-23,291.22,291.2,291.2,291.22,291.2,291.27,291.21,292.35,291.21,291.05,291.22,291.44
10-Aug-23,273.69,273.7,273.7,273.68,273.6,273.76,273.68,274.8,273.7,273.55,273.7,273.91
3-Aug-23,273.69,273.7,273.7,273.68,273.6,273.76,273.68,274.8,273.7,273.55,273.7,273.91
26-Jul-23,253.73,253.73,253.8,253.74,253.7,253.76,253.74,254.88,253.8,253.6,253.75,253.96
20-Jul-23,253.73,253.73,253.8,253.74,253.7,253.76,253.74,254.88,253.8,253.6,253.75,253.96
13-Jul-23,262.75,262.76,262.8,262.78,262.7,262.79,262.74,263.87,262.75,262.6,262.79,262.89
6-Jul-23,262.75,262.76,262.8,262.78,262.7,262.79,262.74,263.87,262.75,262.6,262.79,262.89
22-Jun-23,262.75,262.76,262.8,262.78,262.7,262.79,262.74,263.87,262.75,262.6,262.79,262.89
15-Jun-23,262.75,262.76,262.8,262.78,262.7,262.79,262.74,263.87,262.75,262.6,262.79,262.89
8-Jun-23,262.75,262.76,262.8,262.78,262.7,262.79,262.74,263.87,262.75,262.6,262.79,262.89
1-Jun-23,262.75,262.76,262.8,262.78,262.7,262.79,262.74,263.87,262.75,262.6,262.79,262.89
25-May-23,270.78,270.74,270.8,270.78,270.7,270.78,270.79,271.94,270.78,270.6,270.79,270.91
18-May-23,270.78,270.74,270.8,270.78,270.7,270.78,270.79,271.94,270.78,270.6,270.79,270.91
11-May-23,282.78,282.75,282.8,282.8,282.8,282.78,282.79,283.96,282.75,282.6,282.79,282.9
4-May-23,282.78,282.75,282.8,282.8,282.8,282.78,282.79,283.96,282.75,282.6,282.79,282.9
27-Apr-23,282.78,282.75,282.8,282.8,282.8,282.78,282.79,283.96,282.75,282.6,282.79,282.9
19-Apr-23,282.78,282.75,282.8,282.8,282.8,282.78,282.79,283.96,282.75,282.6,282.79,282.9
13-Apr-23,272.77,272.72,272.8,272.8,272.8,272.73,272.77,273.9,272.75,272.58,272.77,272.89
6-Apr-23,272.77,272.72,272.8,272.8,272.8,272.73,272.77,273.9,272.75,272.58,272.77,272.89
30-Mar-23,272.77,272.72,272.8,272.8,272.8,272.73,272.77,273.9,272.75,272.58,272.77,272.89
22-Mar-23,272.77,272.72,272.8,272.8,272.8,272.73,272.77,273.9,272.75,272.58,272.77,272.89
16-Mar-23,272.77,272.72,272.8,272.8,272.8,272.73,272.77,273.9,272.75,272.58,272.77,272.89
9-Mar-23,267.77,267.73,267.8,267.8,267.7,267.78,267.77,268.87,267.75,267.7,267.75,267.96
2-Mar-23,267.77,267.73,267.8,267.8,267.7,267.78,267.77,268.87,267.75,267.7,267.75,267.96
23-Feb-23,272.75,272.71,272.7,272.71,272.7,272.76,272.75,273.78,272.72,272.7,272.74,272.86
16-Feb-23,272.75,272.71,272.7,272.71,272.7,272.76,272.75,273.78,272.72,272.7,272.74,272.86
9-Feb-23,250.5,250.5,250.6,250.5,250.5,250.55,250.5,251.6,250.5,250.5,250.5,250.74
2-Feb-23,250.5,250.5,250.6,250.5,250.5,250.55,250.5,251.6,250.5,250.5,250.5,250.74
26-Jan-23,215.51,215.51,215.6,215.51,215.5,215.58,215.51,216.49,215.46,215.5,215.51,215.74
19-Jan-23,215.51,215.51,215.6,215.51,215.5,215.58,215.51,216.49,215.46,215.5,215.51,215.74
12-Jan-23,215.51,215.51,215.6,215.51,215.5,215.58,215.51,216.49,215.46,215.5,215.51,215.74
5-Jan-23,215.51,215.51,215.6,215.51,215.5,215.58,215.51,216.49,215.46,215.5,215.51,215.74
29-Dec-22,215.51,215.51,215.6,215.51,215.5,215.58,215.51,216.49,215.46,215.5,215.51,215.74
22-Dec-22,215.51,215.51,215.6,215.51,215.5,215.58,215.51,216.49,215.46,215.5,215.51,215.74
15-Dec-22,225.53,225.53,225.6,225.53,225.5,225.58,225.55,226.74,225.6,225.5,225.53,225.78
8-Dec-22,225.53,225.53,225.6,225.53,225.5,225.58,225.55,226.74,225.6,225.5,225.53,225.78
1-Dec-22,225.53,225.53,225.6,225.53,225.5,225.58,225.55,226.74,225.6,225.5,225.53,225.78
24-Nov-22,225.53,225.53,225.6,225.53,225.5,225.58,225.55,226.74,225.6,225.5,225.53,225.78
17-Nov-22,225.53,225.53,225.6,225.53,225.5,225.58,225.55,226.74,225.6,225.5,225.53,225.78
10-Nov-22,225.53,225.53,225.6,225.53,225.5,225.58,225.55,226.74,225.6,225.5,225.53,225.78
3-Nov-22,225.53,225.53,225.6,225.53,225.5,225.58,225.55,226.74,225.6,225.5,225.53,225.78
27-Oct-22,225.53,225.53,225.6,225.53,225.5,225.58,225.55,226.74,225.6,225.5,225.53,225.78
20-Oct-22,225.53,225.53,225.6,225.53,225.5,225.58,225.55,226.74,225.6,225.5,225.53,225.78
13-Oct-22,225.53,225.53,225.6,225.53,225.5,225.58,225.55,226.74,225.6,225.5,225.53,225.78
6-Oct-22,225.53,225.53,225.6,225.53,225.5,225.58,225.55,226.74,225.6,225.5,225.53,225.78
29-Sep-22,238.16,238.14,238.2,238.16,238.1,238.21,238.16,239.24,238.16,237.96,238.16,238.4
22-Sep-22,238.16,238.14,238.2,238.16,238.1,238.21,238.16,239.24,238.16,237.96,238.16,238.4
15-Sep-22,236.7,236.68,236.7,236.77,236.7,236.75,236.71,237.82,236.7,236.51,236.71,236.98
8-Sep-22,236.7,236.68,236.7,236.77,236.7,236.75,236.71,237.82,236.7,236.51,236.71,236.98
1-Sep-22,236.7,236.68,236.7,236.77,236.7,236.75,236.71,237.82,236.7,236.51,236.71,236.98
25-Aug-22,234.63,234.59,234.7,234.63,234.6,234.61,234.63,235.67,234.63,234.44,234.63,234.92
18-Aug-22,234.63,234.59,234.7,234.63,234.6,234.61,234.63,235.67,234.63,234.44,234.63,234.92
11-Aug-22,227.86,227.85,227.9,227.9,227.8,227.87,227.87,228.96,227.86,227.72,227.86,228.16
4-Aug-22,227.86,227.85,227.9,227.9,227.8,227.87,227.87,228.96,227.86,227.72,227.86,228.16
28-Jul-22,230.88,230.86,230.9,230.9,230.95,231.01,230.91,232.03,230.9,230.77,230.89,231.14
21-Jul-22,230.88,230.86,230.9,230.9,230.95,231.01,230.91,232.03,230.9,230.77,230.89,231.14
14-Jul-22,249.35,249.29,249.4,249.5,249.3,249.38,249.39,250.3,249.38,249.27,249.39,249.63
6-Jul-22,249.35,249.29,249.4,249.5,249.3,249.38,249.39,250.3,249.38,249.27,249.39,249.63
30-Jun-22,234.45,234.42,234.5,234.53,234.4,234.42,234.46,235.34,234.4,234.42,234.45,234.71
23-Jun-22,234.45,234.42,234.5,234.53,234.4,234.42,234.46,235.34,234.4,234.42,234.45,234.71
16-Jun-22,234.45,234.42,234.5,234.53,234.4,234.42,234.46,235.34,234.4,234.42,234.45,234.71
9-Jun-22,210.38,210.36,210.4,210.3,210.3,210.39,210.39,211.24,210.38,210.39,210.38,210.63
2-Jun-22,180.38,180.36,180.4,180.38,180.3,180.38,180.39,181.32,180.38,180.39,180.38,180.62
26-May-22,150.35,150.36,150.4,150.6,150.35,150.38,150.36,151.19,150.35,150.39,150.36,150.63
19-May-22,150.35,150.36,150.4,150.6,150.35,150.38,150.36,151.19,150.35,150.39,150.36,150.63
12-May-22,150.35,150.36,150.4,150.6,150.35,150.38,150.36,151.19,150.35,150.39,150.36,150.63
28-Apr-22,150.35,150.36,150.4,150.6,150.35,150.38,150.36,151.19,150.35,150.39,150.36,150.63
21-Apr-22,150.35,150.36,150.4,150.6,150.35,150.38,150.36,151.19,150.35,150.39,150.36,150.63
14-Apr-22,150.35,150.36,150.4,150.6,150.35,150.38,150.36,151.19,150.35,150.39,150.36,150.63
7-Apr-22,150.35,150.36,150.4,150.6,150.35,150.38,150.36,151.19,150.35,150.39,150.36,150.63
31-Mar-22,150.35,150.36,150.4,150.6,150.35,150.38,150.36,151.19,150.35,150.39,150.36,150.63
24-Mar-22,150.35,150.36,150.4,150.6,150.35,150.38,150.36,151.19,150.35,150.39,150.36,150.63
17-Mar-22,150.35,150.36,150.4,150.6,150.35,150.38,150.36,151.19,150.35,150.39,150.36,150.63
10-Mar-22,150.35,150.36,150.4,150.6,150.35,150.38,150.36,151.19,150.35,150.39,150.36,150.63
3-Mar-22,150.35,150.36,150.4,150.6,150.35,150.38,150.36,151.19,150.35,150.39,150.36,150.63
24-Feb-22,160.34,160.34,160.4,160.6,160.38,160.38,160.35,161.09,160.34,160.39,160.34,160.63
17-Feb-22,160.34,160.34,160.4,160.6,160.38,160.38,160.35,161.09,160.34,160.39,160.34,160.63
10-Feb-22,148.31,148.31,148.31,148.3,148.3,148.36,148.32,149.07,148.31,148.36,148.31,148.57
3-Feb-22,148.31,148.31,148.31,148.3,148.3,148.36,148.32,149.07,148.31,148.36,148.31,148.57
27-Jan-22,148.31,148.31,148.31,148.3,148.3,148.36,148.32,149.07,148.31,148.36,148.31,148.57
20-Jan-22,148.31,148.31,148.31,148.3,148.3,148.36,148.32,149.07,148.31,148.36,148.31,148.57
13-Jan-22,145.3,145.32,145.3,145.3,145.33,145.36,145.31,146.1,145.3,145.35,145.31,145.56
6-Jan-22,145.3,145.32,145.3,145.3,145.33,145.36,145.31,146.1,145.3,145.35,145.31,145.56
30-Dec-21,141.32,141.31,141.3,141.32,141.3,141.36,141.33,142.26,141.31,141.35,144.46,141.76
23-Dec-21,141.32,141.31,141.3,141.32,141.3,141.36,141.33,142.26,141.31,141.35,144.46,141.76
16-Dec-21,141.32,141.31,141.3,141.32,141.3,141.36,141.33,142.26,141.31,141.35,144.46,141.76
9-Dec-21,146.29,146.33,146.3,146.29,146.3,146.34,146.3,147,146.29,146.35,149.24,146.75
2-Dec-21,146.29,146.33,146.3,146.29,146.3,146.34,146.3,147,146.29,146.35,149.24,146.75
25-Nov-21,146.29,146.33,146.3,146.29,146.3,146.34,146.3,147,146.29,146.35,149.24,146.75
18-Nov-21,146.29,146.33,146.3,146.29,146.3,146.34,146.3,147,146.29,146.35,149.24,146.75
11-Nov-21,146.29,146.33,146.3,146.29,146.3,146.34,146.3,147,146.29,146.35,149.24,146.75
4-Nov-21,138.28,138.29,138.3,138.27,138.3,138.3,138.28,138.99,138.27,138.32,141.28,138.73
28-Oct-21,138.28,138.29,138.3,138.27,138.3,138.3,138.28,138.99,138.27,138.32,141.28,138.73
21-Oct-21,138.28,138.29,138.3,138.27,138.3,138.3,138.28,138.99,138.27,138.32,141.28,138.73
14-Oct-21,127.78,127.8,127.8,127.7,127.8,127.84,127.79,128.49,127.78,127.83,130.77,128.23
7-Oct-21,127.78,127.8,127.8,127.7,127.8,127.84,127.79,128.49,127.78,127.83,130.77,128.23
30-Sep-21,123.79,123.81,123.8,123.8,123.76,123.88,123.79,124.63,123.79,123.83,126.86,124.25
23-Sep-21,123.79,123.81,123.8,123.8,123.76,123.88,123.79,124.63,123.79,123.83,126.86,124.25
16-Sep-21,123.79,123.81,123.8,123.8,123.76,123.88,123.79,124.63,123.79,123.83,126.86,124.25
9-Sep-21,118.79,118.81,118.8,118.8,118.8,118.83,118.8,119.73,118.79,118.83,121.86,119.25
2-Sep-21,118.79,118.81,118.8,118.8,118.8,118.83,118.8,119.73,118.79,118.83,121.86,119.25
26-Aug-21,120.29,120.31,120.3,120.29,120.3,120.42,120.3,121.24,120.29,120.33,123.35,120.76
12-Aug-21,120.29,120.31,120.3,120.29,120.3,120.42,120.3,121.24,120.29,120.33,123.35,120.76
5-Aug-21,120.29,120.31,120.3,120.29,120.3,120.42,120.3,121.24,120.29,120.33,123.35,120.76
2-Aug-21,118.79,118.81,118.8,118.8,118.8,118.83,118.8,119.73,118.79,118.83,121.86,119.25
29-Jul-21,118.58,118.6,118.6,118.5,118.6,118.66,118.59,119.33,118.6,118.62,121.69,119.05
15-Jul-21,113.2,113.21,113.2,113.2,113.2,113.26,113.21,113.97,113.2,113.22,116.4,113.67
8-Jul-21,113.2,113.21,113.2,113.2,113.2,113.26,113.21,113.97,113.2,113.22,116.4,113.67
1-Jul-21,113.2,113.21,113.2,113.2,113.2,113.26,113.21,113.97,113.2,113.22,116.4,113.67
24-Jun-21,111.2,111.22,111.2,111.33,111.22,111.24,111.22,112.05,111.2,111.22,114.4,111.68
17-Jun-21,111.2,111.22,111.2,111.33,111.22,111.24,111.22,112.05,111.2,111.22,114.4,111.68
10-Jun-21,109.08,109.1,109.1,109.1,109.09,109.12,109.09,109.89,109.08,109.09,112.3,109.61
3-Jun-21,109.08,109.1,109.1,109.1,109.09,109.12,109.09,109.89,109.08,109.09,112.3,109.61
27-May-21,109.08,109.1,109.1,109.1,109.09,109.12,109.09,109.89,109.08,109.09,112.3,109.61
20-May-21,109.08,109.1,109.1,109.1,109.09,109.12,109.09,109.89,109.08,109.09,112.3,109.61
6-May-21,109.08,109.1,109.1,109.1,109.09,109.12,109.09,109.89,109.08,109.09,112.3,109.61
29-Apr-21,109.08,109.1,109.1,109.1,109.09,109.12,109.09,109.89,109.08,109.09,112.3,109.61
22-Apr-21,109.08,109.1,109.1,109.1,109.09,109.12,109.09,109.89,109.08,109.09,112.3,109.61
15-Apr-21,110.87,110.89,110.9,110.8,110.8,110.88,110.88,111.72,110.87,110.88,114.12,111.37
8-Apr-21,110.87,110.89,110.9,110.8,110.8,110.88,110.88,111.72,110.87,110.88,114.12,111.37
1-Apr-21,110.87,110.89,110.9,110.8,110.8,110.88,110.88,111.72,110.87,110.88,114.12,111.37
25-Mar-21,112.42,112.43,112.4,112.42,112.4,112.4,112.43,113.34,112.41,112.43,115.61,112.9
18-Mar-21,112.42,112.43,112.4,112.42,112.4,112.4,112.43,113.34,112.41,112.43,115.61,112.9
11-Mar-21,112.42,112.43,112.4,112.42,112.4,112.4,112.43,113.34,112.41,112.43,115.61,112.9
4-Mar-21,112.42,112.43,112.4,112.42,112.4,112.4,112.43,113.34,112.41,112.43,115.61,112.9
25-Feb-21,112.42,112.43,112.4,112.42,112.4,112.4,112.43,113.34,112.41,112.43,115.61,112.9
18-Feb-21,112.42,112.43,112.4,112.42,112.4,112.4,112.43,113.34,112.41,112.43,115.61,112.9
11-Feb-21,112.42,112.43,112.4,112.42,112.4,112.4,112.43,113.34,112.41,112.43,115.61,112.9
4-Feb-21,112.42,112.43,112.4,112.42,112.4,112.4,112.43,113.34,112.41,112.43,115.61,112.9
28-Jan-21,109.71,109.71,109.7,109.71,109.7,109.7,109.72,110.56,109.71,109.7,112.46,110.16
21-Jan-21,109.71,109.71,109.7,109.71,109.7,109.7,109.72,110.56,109.71,109.7,112.46,110.16
14-Jan-21,106.5,106.51,106.5,106.51,106.5,106.55,106.53,107.38,106.51,106.51,108.76,106.93
7-Jan-21,106.5,106.51,106.5,106.51,106.5,106.55,106.53,107.38,106.51,106.51,108.76,106.93
31-Dec-20,104.19,104.2,104.2,104.21,104.2,104.27,104.21,105.09,104.19,104.18,107.32,104.68
24-Dec-20,104.19,104.2,104.2,104.21,104.2,104.27,104.21,105.09,104.19,104.18,107.32,104.68
17-Dec-20,104.19,104.2,104.2,104.21,104.2,104.27,104.21,105.09,104.19,104.18,107.32,104.68
10-Dec-20,101.19,101.2,101.2,101.19,101.2,101.2,101.2,102.01,101.19,101.16,104.32,101.66
3-Dec-20,101.19,101.2,101.2,101.19,101.2,101.2,101.2,102.01,101.19,101.16,104.32,101.66
26-Nov-20,101.19,101.2,101.2,101.19,101.2,101.2,101.2,102.01,101.19,101.16,104.32,101.66
19-Nov-20,101.19,101.2,101.2,101.19,101.2,101.2,101.2,102.01,101.19,101.16,104.32,101.66
12-Nov-20,102.9,102.9,102.9,102.9,102.9,102.9,102.91,103.69,102.9,102.87,106.03,103.39
5-Nov-20,102.9,102.9,102.9,102.9,102.9,102.9,102.91,103.69,102.9,102.87,106.03,103.39
29-Oct-20,104.47,104.47,104.5,104.47,104.4,104.45,104.47,105.27,104.47,104.44,107,104.92
22-Oct-20,104.47,104.47,104.5,104.47,104.4,104.45,104.47,105.27,104.47,104.44,107,104.92
15-Oct-20,104.47,104.47,104.5,104.47,104.4,104.45,104.47,105.27,104.47,104.44,107,104.92
8-Oct-20,104.47,104.47,104.5,104.47,104.4,104.45,104.47,105.27,104.47,104.44,107,104.92
1-Oct-20,104.47,104.47,104.5,104.47,104.4,104.45,104.47,105.27,104.47,104.44,107,104.92
24-Sep-20,104.47,104.47,104.5,104.47,104.4,104.45,104.47,105.27,104.47,104.44,107,104.92
17-Sep-20,104.47,104.47,104.5,104.47,104.4,104.45,104.47,105.27,104.47,104.44,107,104.92
10-Sep-20,104.47,104.47,104.5,104.47,104.4,104.45,104.47,105.27,104.47,104.44,107,104.92
3-Sep-20,104.47,104.47,104.5,104.47,104.4,104.45,104.47,105.27,104.47,104.44,107,104.92
27-Aug-20,104.47,104.47,104.5,104.47,104.4,104.45,104.47,105.27,104.47,104.44,107,104.92
20-Aug-20,104.47,104.47,104.5,104.47,104.4,104.45,104.47,105.27,104.47,104.44,107,104.92
13-Aug-20,104.47,104.47,104.5,104.47,104.4,104.45,104.47,105.27,104.47,104.44,107,104.92
6-Aug-20,104.47,104.47,104.5,104.47,104.4,104.45,104.47,105.27,104.47,104.44,107,104.92
29-Jul-20,100.53,100.52,100.6,100.53,100.5,100.55,100.53,101.19,100.53,100.58,103.14,100.95
23-Jul-20,100.53,100.52,100.6,100.53,100.5,100.55,100.53,101.19,100.53,100.58,103.14,100.95
16-Jul-20,100.53,100.52,100.6,100.53,100.5,100.55,100.53,101.19,100.53,100.58,103.14,100.95
9-Jul-20,100.53,100.52,100.6,100.53,100.5,100.55,100.53,101.19,100.53,100.58,103.14,100.95
2-Jul-20,100.53,100.52,100.6,100.53,100.5,100.55,100.53,101.19,100.53,100.58,103.14,100.95
25-Jun-20,74.94,74.95,75,74.33,74.9,75.08,74.94,75.65,74.94,75,77.55,75.35
18-Jun-20,74.94,74.95,75,74.33,74.9,75.08,74.94,75.65,74.94,75,77.55,75.35
11-Jun-20,74.94,74.95,75,74.33,74.9,75.08,75.56,75.65,74.94,75,77.55,75.39
4-Jun-20,74.94,74.95,75,74.33,74.9,75.08,75.56,75.65,74.94,75,77.55,75.39
28-May-20,82.04,82.05,82.1,81.93,82.22,82.09,82.05,82.84,82.04,82.06,84.92,82.44
21-May-20,82.04,82.05,82.1,81.93,82.22,82.09,82.05,82.84,82.04,82.06,84.92,82.44
14-May-20,82.04,82.05,82.1,81.93,82.22,82.09,82.05,82.84,82.04,82.06,84.92,82.44
7-May-20,82.04,82.05,82.1,81.93,82.22,82.09,82.05,82.84,82.04,82.06,84.92,82.44
30-Apr-20,97.08,97.1,97.1,96.93,97.1,97.1,97.09,98.05,97.07,97.06,100.16,97.62
23-Apr-20,97.08,97.1,97.1,96.93,97.1,97.1,97.09,98.05,97.07,97.06,100.16,97.62
16-Apr-20,97.08,97.1,97.1,96.93,97.1,97.1,97.09,98.05,97.07,97.06,100.16,97.62
9-Apr-20,97.08,97.1,97.1,96.93,97.1,97.1,97.09,98.05,97.07,97.06,100.16,97.62
2-Apr-20,97.08,97.1,97.1,96.93,97.1,97.1,97.09,98.05,97.07,97.06,100.16,97.62
26-Mar-20,97.08,97.1,97.1,96.93,97.1,97.1,97.09,98.05,97.07,97.06,100.16,97.62
19-Mar-20,112.09,112.1,112.1,111.93,112.1,112.1,112.1,112.89,112.1,112.07,115.17,112.61
12-Mar-20,112.09,112.1,112.1,111.93,112.1,112.1,112.1,112.89,112.1,112.07,115.17,112.61
27-Feb-20,117.15,117.1,117.1,116.93,117.1,117.15,117.11,117.89,117.09,117.07,120.15,117.59
20-Feb-20,117.15,117.1,117.1,116.93,117.1,117.15,117.11,117.89,117.09,117.07,120.15,117.59
13-Feb-20,117.15,117.1,117.1,116.93,117.1,117.15,117.11,117.89,117.09,117.07,120.15,117.59
6-Feb-20,117.15,117.1,117.1,116.93,117.1,117.15,117.11,117.89,117.09,117.07,120.15,117.59
30-Jan-20,117.15,117.1,117.1,116.93,117.1,117.15,117.11,117.89,117.09,117.07,120.15,117.59
23-Jan-20,117.15,117.1,117.1,116.93,117.1,117.15,117.11,117.89,117.09,117.07,120.15,117.59
16-Jan-20,117.15,117.1,117.1,116.93,117.1,117.15,117.11,117.89,117.09,117.07,120.15,117.59
9-Jan-20,117.15,117.1,117.1,116.93,117.1,117.15,117.11,117.89,117.09,117.07,120.15,117.59
2-Jan-20,117.15,117.1,117.1,116.93,117.1,117.15,117.11,117.89,117.09,117.07,120.15,117.59
26-Dec-19,114.48,114.51,114.5,114.32,114.5,114.54,114.5,115.28,114.48,114.46,117.57,114.97
19-Dec-19,114.48,114.51,114.5,114.32,114.5,114.54,114.5,115.28,114.48,114.46,117.57,114.97
12-Dec-19,114.48,114.51,114.5,114.32,114.5,114.54,114.5,115.28,114.48,114.46,117.57,114.97
5-Dec-19,114.48,114.51,114.5,114.32,114.5,114.54,114.5,115.28,114.48,114.46,117.57,114.97
28-Nov-19,114.73,114.71,114.13,114.57,114.7,114.74,114.74,115.72,114.7,114.71,117.82,115.2
21-Nov-19,114.73,114.71,114.13,114.57,114.7,114.74,114.74,115.72,114.7,114.71,117.82,115.2
14-Nov-19,114.73,114.71,114.13,114.57,114.7,114.74,114.74,115.72,114.7,114.71,117.82,115.2
7-Nov-19,114.73,114.71,114.13,114.57,114.7,114.74,114.74,115.72,114.7,114.71,117.82,115.2
31-Oct-19,113.73,113.71,113.8,113.57,113.6,113.72,113.76,114.73,113.7,113.71,116.88,114.18
24-Oct-19,113.73,113.71,113.8,113.57,113.6,113.72,113.76,114.73,113.7,113.71,116.88,114.18
17-Oct-19,113.73,113.71,113.8,113.57,113.6,113.72,113.76,114.73,113.7,113.71,116.88,114.18
10-Oct-19,113.73,113.71,113.8,113.57,113.6,113.72,113.76,114.73,113.7,113.71,116.88,114.18
3-Oct-19,113.73,113.71,113.8,113.57,113.6,113.72,113.76,114.73,113.7,113.71,116.88,114.18
26-Sep-19,113.73,113.71,113.8,113.57,113.6,113.72,113.76,114.73,113.7,113.71,116.88,114.18
19-Sep-19,113.73,113.71,113.8,113.57,113.6,113.72,113.76,114.73,113.7,113.71,116.88,114.18
12-Sep-19,113.73,113.71,113.8,113.57,113.6,113.72,113.76,114.73,113.7,113.71,116.88,114.18
5-Sep-19,113.73,113.71,113.8,113.57,113.6,113.72,113.76,114.73,113.7,113.71,116.88,111.84
29-Aug-19,118.32,118.32,118.4,118.16,118.4,118.54,118.33,119.31,118.35,118.3,121.4,118.91
22-Aug-19,118.32,118.32,118.4,118.16,118.4,118.54,118.33,119.31,118.35,118.3,121.4,118.91
16-Aug-19,118.32,118.32,118.4,118.16,118.4,118.54,118.33,119.31,118.35,118.3,121.4,118.91
8-Aug-19,118.32,118.32,118.4,118.16,118.4,118.54,118.33,119.31,118.35,118.3,121.4,118.91
1-Aug-19,118.32,118.32,118.4,118.16,118.4,118.54,118.33,119.31,118.35,118.3,121.4,118.91
25-Jul-19,113.18,113.18,113.2,113.01,113.28,113.42,113.16,114.12,113.2,113.1,116.8,113.74
11-Jul-19,113.18,113.18,113.2,113.01,113.28,113.42,113.16,114.12,113.2,113.1,116.8,113.74
4-Jul-19,113.18,113.18,113.2,113.01,113.28,113.42,113.16,114.12,113.2,113.1,116.8,113.74
20-Jun-19,113.18,113.18,113.2,113.01,113.28,113.42,113.16,114.12,113.2,113.1,116.8,113.74
13-Jun-19,113.18,113.18,113.2,113.01,113.28,113.42,113.16,114.12,113.2,113.1,116.8,113.74
30-May-19,108.9,108.87,108.9,108.75,108.87,108.92,108.88,109.9,108.9,108.61,108.61,109.23
23-May-19,108.9,108.87,108.9,108.75,108.87,108.92,108.88,109.9,108.9,108.61,108.61,109.23
16-May-19,108.9,108.87,108.9,108.75,108.87,108.92,108.88,109.9,108.9,108.61,108.61,109.23
9-May-19,108.9,108.87,108.9,108.75,108.87,108.92,108.88,109.9,108.9,108.61,108.61,109.23
2-May-19,99.36,99.36,99.4,99.4,99.35,99.72,99.36,100.36,99.36,99.19,102.28,99.86
25-Apr-19,99.36,99.36,99.4,99.4,99.35,99.72,99.36,100.36,99.36,99.19,102.28,99.86
18-Apr-19,99.36,99.36,99.4,99.4,99.35,99.72,99.36,100.36,99.36,99.19,102.28,99.86
11-Apr-19,99.36,99.36,99.4,99.4,99.35,99.72,99.36,100.36,99.36,99.19,102.28,99.86
4-Apr-19,99.36,99.36,99.4,99.4,99.35,99.72,99.36,100.36,99.36,99.19,102.28,99.86
28-Mar-19,93.35,93.35,93.4,94.24,93.3,93.95,93.34,94.08,93.35,93.19,96.22,93.95
21-Mar-19,93.35,93.35,93.4,94.24,93.3,93.95,93.34,94.08,93.35,93.19,96.22,93.95
14-Mar-19,93.35,93.35,93.4,94.24,93.3,93.95,93.34,94.08,93.35,93.19,96.22,93.95
7-Mar-19,93.35,93.35,93.4,94.24,93.3,93.95,93.34,94.08,93.35,93.19,96.22,93.95
28-Feb-19,90.84,90.85,90.9,91.74,90.08,90.85,90.84,91.75,90.84,90.69,93.72,91.35
21-Feb-19,90.84,90.85,90.9,91.74,90.08,90.85,90.84,91.75,90.84,90.69,93.72,91.35
14-Feb-19,90.84,90.85,90.9,91.74,90.08,90.85,90.84,91.75,90.84,90.69,93.72,91.35
7-Feb-19,90.84,90.85,90.9,91.74,90.08,90.85,90.84,91.75,90.84,90.69,93.72,91.35
31-Jan-19,91.44,91.44,91.5,92.33,91.4,91.99,91.44,92.17,91.4,91.28,94.36,92.04
24-Jan-19,91.44,91.44,91.5,92.33,91.4,91.99,91.44,92.17,91.4,91.28,94.36,92.04
17-Jan-19,91.44,91.44,91.5,92.33,91.4,91.99,91.44,92.17,91.4,91.28,94.36,92.04
10-Jan-19,91.44,91.44,91.5,92.33,91.4,91.99,91.44,92.17,91.4,91.28,94.36,92.04
3-Jan-19,91.44,91.44,91.5,92.33,91.4,91.99,91.44,92.17,91.4,91.28,94.36,92.04
27-Dec-18,96.26,96.26,96.3,97.19,96.2,96.8,96.26,96.95,96.26,96.14,98.81,96.86
20-Dec-18,96.26,96.26,96.3,97.19,96.2,96.8,96.26,96.95,96.26,96.14,98.81,96.86
13-Dec-18,96.26,96.26,96.3,97.19,96.2,96.8,96.26,96.95,96.26,96.14,98.81,96.86
6-Dec-18,96.26,96.26,96.3,97.19,96.2,96.8,96.26,96.95,96.26,96.14,98.81,96.86
29-Nov-18,98.24,98.24,98.3,99.19,98.2,98.8,98.24,98.97,98.24,98.14,96.02,98.57
22-Nov-18,98.24,98.24,98.3,99.19,98.2,98.8,98.24,98.97,98.24,98.14,96.02,98.57
15-Nov-18,98.24,98.24,98.3,99.19,98.2,98.8,98.24,98.97,98.24,98.14,96.02,98.57
8-Nov-18,98.24,98.24,98.3,99.19,98.2,98.8,98.24,98.97,98.24,98.14,96.02,98.57
1-Nov-18,98.24,98.24,98.3,99.19,98.2,98.8,98.24,98.97,98.24,98.14,96.02,98.57
25-Oct-18,93.27,93.27,93.3,94.19,93.27,93.5,93.27,93.97,93.27,93.14,96.02,93.88
18-Oct-18,93.27,93.27,93.3,94.19,93.27,93.5,93.27,93.97,93.27,93.14,96.02,93.88
11-Oct-18,93.27,93.27,93.3,94.19,93.27,93.5,93.27,93.97,93.27,93.14,96.02,93.88
4-Oct-18,93.27,93.27,93.3,94.19,93.27,93.5,93.27,93.97,93.27,93.14,96.02,93.88
27-Sep-18,93.27,93.27,93.3,94.19,93.27,93.5,93.27,93.97,93.27,93.14,96.02,93.88
18-Sep-18,93.27,93.27,93.3,94.19,93.27,93.5,93.27,93.97,93.27,93.14,96.02,93.88
13-Sep-18,93.27,93.27,93.3,94.19,93.27,93.5,93.27,93.97,93.27,93.14,96.02,93.88
6-Sep-18,93.27,93.27,93.3,94.19,93.27,93.5,93.27,93.97,93.27,93.14,96.02,93.88
30-Aug-18,95.68,95.68,95.7,95.6,95.7,95.69,95.68,96.37,95.7,95.55,98.42,96.22
16-Aug-18,95.68,95.68,95.7,95.6,95.7,95.69,95.68,96.37,95.7,95.55,98.42,96.22
9-Aug-18,95.68,95.68,95.7,95.6,95.7,95.69,95.68,96.37,95.7,95.55,98.42,96.22
2-Aug-18,95.68,95.68,95.7,95.6,95.7,95.69,95.68,96.37,95.7,95.55,98.42,96.22
26-Jul-18,95.68,95.68,95.7,95.6,95.7,95.69,95.68,96.37,95.7,95.55,98.42,96.22
19-Jul-18,95.68,95.68,95.7,95.6,95.7,95.69,95.68,96.37,95.7,95.55,98.42,96.22
12-Jul-18,95.68,95.68,95.7,95.6,95.7,95.69,95.68,96.37,95.7,95.55,98.42,96.22
5-Jul-18,99.96,99.95,100,99.86,99.95,99.95,99.95,100.7,99.96,99.81,100,100.33
28-Jun-18,92.39,92.39,92.4,92.32,92.4,92.4,92.39,93.06,92.39,92.27,95.07,92.82
21-Jun-18,92.39,92.39,92.4,92.32,92.4,92.4,92.39,93.06,92.39,92.27,95.07,92.82
13-Jun-18,92.39,92.39,92.4,92.32,92.4,92.4,92.39,93.06,92.39,92.27,95.07,92.82
7-Jun-18,88.15,88.14,88.15,88.06,88.18,88.24,88.14,88.82,88.14,88.01,89.7,88.54
31-May-18,88.15,88.14,88.15,88.06,88.18,88.24,88.14,88.82,88.14,88.01,89.7,88.54
24-May-18,88.15,88.14,88.15,88.06,88.18,88.24,88.14,88.82,88.14,88.01,89.7,88.54
17-May-18,88.15,88.14,88.15,88.06,88.18,88.24,88.14,88.82,88.14,88.01,89.7,88.54
10-May-18,88.15,88.14,88.15,88.06,88.18,88.24,88.14,88.82,88.14,88.01,89.7,88.54
3-May-18,88.15,88.14,88.15,88.06,88.18,88.24,88.14,88.82,88.14,88.01,89.7,88.54
26-Apr-18,86.46,86.45,86.48,86.36,86.4,86.46,86.46,87.14,86.46,86.31,89.7,86.98
19-Apr-18,86.46,86.45,86.48,86.36,86.4,86.46,86.46,87.14,86.46,86.31,89.7,86.98
13-Apr-18,86.46,86.45,86.48,86.36,86.4,86.46,86.46,87.14,86.46,86.31,89.7,86.98
5-Apr-18,86.46,86.45,86.48,86.36,86.4,86.46,86.46,87.14,86.46,86.31,89.7,86.98
29-Mar-18,88.51,88.5,88.53,88.43,88.51,88.51,88.51,89.29,88.51,88.38,91.21,88.99
22-Mar-18,88.51,88.5,88.53,88.43,88.51,88.51,88.51,89.29,88.51,88.38,91.21,88.99
15-Mar-18,88.51,88.5,88.53,88.43,88.51,88.51,88.51,89.29,88.51,88.38,91.21,88.99
8-Mar-18,88.51,88.5,88.53,88.43,88.51,88.51,88.51,89.29,88.51,88.38,91.21,88.99
1-Mar-18,88.51,88.5,88.53,88.43,88.51,88.51,88.51,89.29,88.51,88.38,91.21,88.99
22-Feb-18,84.94,84.94,84.96,84.87,84.95,85.63,84.93,85.63,84.94,84.82,87.61,85.45
15-Feb-18,84.94,84.94,84.96,84.87,84.95,85.63,84.93,85.63,84.94,84.82,87.61,85.45
8-Feb-18,84.94,84.94,84.96,84.87,84.95,85.63,84.93,85.63,84.94,84.82,87.61,85.45
1-Feb-18,84.94,84.94,84.96,84.87,84.95,85.63,84.93,85.63,84.94,84.82,87.61,85.45
25-Jan-18,81.96,81.96,81.97,81.89,81.96,82.65,81.95,82.65,81.96,81.84,83.98,82.43
18-Jan-18,81.96,81.96,81.97,81.89,81.96,82.65,81.95,82.65,81.96,81.84,83.98,82.43
11-Jan-18,81.96,81.96,81.97,81.89,81.96,82.65,81.95,82.65,81.96,81.84,83.98,82.43
4-Jan-18,81.96,81.96,81.97,81.89,81.96,82.65,81.95,82.65,81.96,81.84,83.98,82.43
28-Dec-17,77.89,77.89,77.91,77.83,77.89,78.35,77.89,78.25,77.89,77.78,79.9,78.32
21-Dec-17,77.89,77.89,77.91,77.83,77.89,78.35,77.89,78.25,77.89,77.78,79.9,78.32
14-Dec-17,77.89,77.89,77.91,77.83,77.89,78.35,77.89,78.25,77.89,77.78,79.9,78.32
7-Dec-17,77.89,77.89,77.91,77.83,77.89,78.35,77.89,78.25,77.89,77.78,79.9,78.32
29-Nov-17,76.25,76.25,76.38,76.35,76.25,76.97,76.25,76.77,76.25,76.3,78.4,76.77
23-Nov-17,76.25,76.25,76.38,76.35,76.25,76.97,76.25,76.77,76.25,76.3,78.4,76.77
16-Nov-17,76.25,76.25,76.38,76.35,76.25,76.97,76.25,76.77,76.25,76.3,78.4,76.77
9-Nov-17,76.25,76.25,76.38,76.35,76.25,76.97,76.25,76.77,76.25,76.3,78.4,76.77
2-Nov-17,76.25,76.25,76.38,76.35,76.25,76.97,76.25,76.77,76.25,76.3,78.4,76.77
26-Oct-17,73.76,73.76,73.89,73.86,73.7,73.98,73.76,74.3,73.77,73.8,75.9,74.25
19-Oct-17,73.76,73.76,73.89,73.86,73.7,73.98,73.76,74.3,73.77,73.8,75.9,74.25
12-Oct-17,73.76,73.76,73.89,73.86,73.7,73.98,73.76,74.3,73.77,73.8,75.9,74.25
5-Oct-17,73.76,73.76,73.89,73.86,73.7,73.98,73.76,74.3,73.77,73.8,75.9,74.25
27-Sep-17,71.76,71.76,71.89,71.86,71.77,71.98,71.76,72.18,71.77,71.8,73.9,72.24
21-Sep-17,71.76,71.76,71.89,71.86,71.77,71.98,71.76,72.18,71.77,71.8,73.9,72.24
14-Sep-17,71.76,71.76,71.89,71.86,71.77,71.98,71.76,72.18,71.77,71.8,73.9,72.24
7-Sep-17,71.76,71.76,71.89,71.86,71.77,71.98,71.76,72.18,71.77,71.8,73.9,72.24
30-Aug-17,69.77,69.77,69.9,69.86,69.77,69.98,69.77,70.35,69.77,69.88,71.9,70.27
24-Aug-17,69.77,69.77,69.9,69.86,69.77,69.98,69.77,70.35,69.77,69.88,71.9,70.27
17-Aug-17,69.77,69.77,69.9,69.86,69.77,69.98,69.77,70.35,69.77,69.88,71.9,70.27
10-Aug-17,69.77,69.77,69.9,69.86,69.77,69.98,69.77,70.35,69.77,69.88,71.9,70.27
3-Aug-17,71.57,71.57,71.71,71.66,71.7,71.6,71.57,72,71.57,71.68,73.7,72.04
27-Jul-17,71.57,71.57,71.71,71.66,71.7,71.6,71.57,72,71.57,71.68,73.7,72.04
20-Jul-17,71.57,71.57,71.71,71.66,71.7,71.6,71.57,72,71.57,71.68,73.7,72.04
13-Jul-17,71.57,71.57,71.71,71.66,71.7,71.6,71.57,72,71.57,71.68,73.7,72.04
6-Jul-17,71.57,71.57,71.71,71.66,71.7,71.6,71.57,72,71.57,71.68,73.7,72.04
29-Jun-17,72.85,72.85,73.16,73.16,73.2,73.07,72.57,73.13,72.57,73.18,75.21,73.31
27-Apr-17,74.26,74.26,74.36,74.36,74.4,74.28,74.26,74.8,74.26,74.38,76.51,74.85
13-Apr-17,74.26,74.26,74.36,74.36,74.4,74.28,74.26,74.8,74.26,74.38,76.51,74.85
6-Apr-17,74.26,74.26,74.36,74.36,74.4,74.28,74.26,74.8,74.26,74.38,76.51,74.85
30-Mar-17,73.26,73.26,73.36,73.36,73.4,73.28,73.25,73.8,73.26,73.38,75.51,73.84
24-Mar-17,73.26,73.26,73.36,73.36,73.4,73.28,73.25,73.8,73.26,73.38,75.51,73.84
16-Mar-17,73.26,73.26,73.36,73.36,73.4,73.28,73.25,73.8,73.26,73.38,75.51,73.84
9-Mar-17,73.26,73.26,73.36,73.36,73.4,73.28,73.25,73.8,73.26,73.38,75.51,73.84
2-Mar-17,73.26,73.26,73.36,73.36,73.4,73.28,73.25,73.8,73.26,73.38,75.51,73.84
23-Feb-17,71.54,71.54,71.65,71.65,71.7,71.54,71.53,72,71.54,71.52,73.8,72.13
16-Feb-17,71.54,71.54,71.65,71.65,71.7,71.54,71.53,72,71.54,71.52,73.8,72.13
9-Feb-17,70.54,70.54,70.65,70.65,70.6,70.54,70.53,71,70.54,70.52,72.8,71.1
2-Feb-17,70.54,70.54,70.65,70.65,70.6,70.54,70.53,71,70.54,70.52,72.8,71.1
26-Jan-17,68.29,68.29,68.4,68.4,68.4,68.4,68.28,68.5,68.29,68.27,70.55,68.79
19-Jan-17,68.29,68.29,68.4,68.4,68.4,68.4,68.28,68.5,68.29,68.27,70.55,68.79
12-Jan-17,66.51,66.51,66.61,66.63,66.6,66.54,66.52,66.95,66.53,66.5,68.78,67.04
5-Jan-17,66.51,66.51,66.61,66.63,66.6,66.54,66.52,66.95,66.53,66.5,68.78,67.04
29-Dec-16,66.51,66.51,66.61,66.63,66.6,66.54,66.52,66.95,66.53,66.5,68.78,67.04
22-Dec-16,66.51,66.51,66.61,66.63,66.6,66.54,66.52,66.95,66.53,66.5,68.78,67.04
15-Dec-16,66.51,66.51,66.61,66.63,66.6,66.54,66.52,66.95,66.53,66.5,68.78,67.04
8-Dec-16,66.51,66.51,66.61,66.63,66.6,66.54,66.52,66.95,66.53,66.5,68.78,67.04
1-Dec-16,66.51,66.51,66.61,66.63,66.6,66.54,66.52,66.95,66.53,66.5,68.78,67.04
24-Nov-16,64.53,64.53,64.61,64.63,64.48,64.99,64.48,64.95,64.48,64.5,66.78,65.13
17-Nov-16,64.53,64.53,64.61,64.63,64.48,64.99,64.48,64.95,64.48,64.5,66.78,65.13
10-Nov-16,64.53,64.53,64.61,64.63,64.48,64.99,64.48,64.95,64.48,64.5,66.78,65.13
3-Nov-16,64.53,64.53,64.61,64.63,64.48,64.99,64.48,64.95,64.48,64.5,66.78,65.13
27-Oct-16,64.53,64.53,64.61,64.63,64.48,64.99,64.48,64.95,64.48,64.5,66.78,65.13
20-Oct-16,64.53,64.53,64.61,64.63,64.48,64.99,64.48,64.95,64.48,64.5,66.78,65.13
13-Oct-16,64.53,64.53,64.61,64.63,64.48,64.99,64.48,64.95,64.48,64.5,66.78,65.13
6-Oct-16,64.53,64.53,64.61,64.63,64.48,64.99,64.48,64.95,64.48,64.5,66.78,65.13
22-Sep-16,64.53,64.53,64.61,64.63,64.48,64.99,64.48,64.95,64.48,64.5,66.78,65.13
15-Sep-16,64.53,64.53,64.61,64.63,64.48,64.99,64.48,64.95,64.48,64.5,66.78,65.13
8-Sep-16,64.53,64.53,64.61,64.63,64.48,64.99,64.48,64.95,64.48,64.5,66.78,65.13
1-Sep-16,64.49,64.48,64.61,64.63,64.48,64.99,64.48,64.95,64.48,64.5,66.78,65.12
25-Aug-16,64.49,64.48,64.61,64.63,64.48,64.99,64.48,64.95,64.48,64.5,66.78,65.12
18-Aug-16,64.49,64.48,64.61,64.63,64.48,64.99,64.48,64.95,64.48,64.5,66.78,65.12
11-Aug-16,64.49,64.48,64.61,64.63,64.48,64.99,64.48,64.95,64.48,64.5,66.78,65.12
4-Aug-16,64.49,64.48,64.61,64.63,64.48,64.99,64.48,64.95,64.48,64.5,66.78,65.12
28-Jul-16,64.49,64.48,64.61,64.63,64.48,64.99,64.48,64.95,64.48,64.5,66.78,65.12
21-Jul-16,64.49,64.48,64.61,64.63,64.48,64.99,64.48,64.95,64.48,64.5,66.78,65.12
14-Jul-16,64.49,64.48,64.61,64.63,64.48,64.99,64.48,64.95,64.48,64.5,66.78,65.12
30-Jun-16,64.49,64.48,64.61,64.63,64.48,64.99,64.48,64.95,64.48,64.5,66.78,65.12
23-Jun-16,64.49,64.48,64.61,64.63,64.48,64.99,64.48,64.95,64.48,64.5,66.78,65.12
16-Jun-16,64.49,64.48,64.61,64.63,64.48,64.99,64.48,64.95,64.48,64.5,66.78,65.12
9-Jun-16,64.49,64.48,64.61,64.63,64.48,64.99,64.48,64.95,64.48,64.5,66.78,65.12
2-Jun-16,64.49,64.48,64.61,64.63,64.48,64.99,64.48,64.95,64.48,64.5,66.78,65.12
27-May-16,64.49,64.48,64.61,64.63,64.48,64.99,64.48,64.95,64.48,64.5,66.78,65.12
19-May-16,64.49,64.48,64.61,64.63,64.48,64.99,64.48,64.95,64.48,64.5,66.78,65.12
12-May-16,64.49,64.48,64.61,64.63,64.48,64.99,64.48,64.95,64.48,64.5,66.78,65.12
5-May-16,64.49,64.48,64.61,64.63,64.48,64.99,64.48,64.95,64.48,64.5,66.78,65.12
28-Apr-16,64.49,64.48,64.61,64.63,64.48,64.99,64.48,64.95,64.48,64.5,66.78,65.12
21-Apr-16,64.49,64.48,64.61,64.63,64.48,64.99,64.48,64.95,64.48,64.5,66.78,65.12
14-Apr-16,64.49,64.48,64.61,64.63,64.48,64.99,64.48,64.95,64.48,64.5,66.78,65.12
25-Feb-16,71.47,71.47,71.6,71.61,71.47,71.54,71.54,72.1,71.53,71.6,71.6,72.07
18-Feb-16,71.47,71.47,71.6,71.61,71.47,71.54,71.54,72.1,71.53,71.6,71.6,72.07
3-Dec-15,76.55,76.55,76.7,76.61,76.54,76.95,76.54,77.2,76.55,76.6,76.6,77.17
26-Nov-15,76.55,76.55,76.7,76.61,76.54,76.95,76.54,77.2,76.55,76.6,76.6,77.17
19-Nov-15,76.55,76.55,76.7,76.61,76.54,76.95,76.54,77.2,76.55,76.6,76.6,77.17
12-Nov-15,76.55,76.55,76.7,76.61,76.54,76.95,76.54,77.2,76.55,76.6,76.6,77.17
5-Nov-15,76.55,76.55,76.7,76.61,76.54,76.95,76.54,77.2,76.55,76.6,76.6,77.17
29-Oct-15,74.05,74.04,74.2,74.11,74.2,74.1,74.04,74.65,74.03,74.14,73.76,74.56
22-Oct-15,74.05,74.04,74.2,74.11,74.2,74.1,74.04,74.65,74.03,74.14,73.76,74.56
15-Oct-15,74.05,74.04,74.2,74.11,74.2,74.1,74.04,74.65,74.03,74.14,73.76,74.56
8-Oct-15,74.05,74.04,74.2,74.11,74.2,74.1,74.04,74.65,74.03,74.14,73.76,74.56
1-Oct-15,74.05,74.04,74.2,74.11,74.2,74.1,74.04,74.65,74.03,74.14,73.76,74.56
23-Sep-15,74.05,74.04,74.2,74.11,74.2,74.1,74.04,74.65,74.03,74.14,73.76,74.56
17-Sep-15,74.05,74.04,74.2,74.11,74.2,74.1,74.04,74.65,74.03,74.14,73.76,74.56
10-Sep-15,74.05,74.04,74.2,74.11,74.2,74.1,74.04,74.65,74.03,74.14,73.76,74.56
3-Sep-15,74.05,74.04,74.2,74.11,74.2,74.1,74.04,74.65,74.03,74.14,73.76,74.56
27-Aug-15,77.04,77.03,77.2,77.11,77.04,77.95,77.04,77.51,77.03,77.07,77.07,77.57
20-Aug-15,77.04,77.03,77.2,77.11,77.04,77.95,77.04,77.51,77.03,77.07,77.07,77.57
13-Aug-15,77.04,77.03,77.2,77.11,77.04,77.95,77.04,77.51,77.03,77.07,77.07,77.57
6-Aug-15,77.04,77.03,77.2,77.11,77.04,77.95,77.04,77.51,77.03,77.07,77.07,77.57
30-Jul-15,78.06,78.06,78.2,78.14,78.2,78.95,78.06,78.6,78.06,78.1,78.1,78.51
23-Jul-15,78.06,78.06,78.2,78.14,78.2,78.95,78.06,78.6,78.06,78.1,78.1,78.51
16-Jul-15,78.06,78.06,78.2,78.14,78.2,78.95,78.06,78.6,78.06,78.1,78.1,78.51
9-Jul-15,78.06,78.06,78.2,78.14,78.2,78.95,78.06,78.6,78.06,78.1,78.1,78.51
2-Jul-15,78.06,78.06,78.2,78.14,78.2,78.95,78.06,78.6,78.06,78.1,78.1,78.51
25-Jun-15,78.06,78.06,78.2,78.14,78.2,78.95,78.06,78.6,78.06,78.1,78.1,78.51
18-Jun-15,78.06,78.06,78.2,78.14,78.2,78.95,78.06,78.6,78.06,78.1,78.1,78.51
11-Jun-15,78.06,78.06,78.2,78.14,78.2,78.95,78.06,78.6,78.06,78.1,78.1,78.51
4-Jun-15,78.06,78.06,78.2,78.14,78.2,78.95,78.06,78.6,78.06,78.1,78.1,78.51
28-May-15,74.55,74.55,74.7,74.64,74.7,74.6,74.55,75.1,74.58,74.6,74.6,75.09
21-May-15,74.55,74.55,74.7,74.64,74.7,74.6,74.55,75.1,74.58,74.6,74.6,75.09
14-May-15,74.55,74.55,74.7,74.64,74.7,74.6,74.55,75.1,74.58,74.6,74.6,75.09
7-May-15,74.55,74.55,74.7,74.64,74.7,74.6,74.55,75.1,74.58,74.6,74.6,75.09
30-Apr-15,74.55,74.55,74.7,74.64,74.7,74.6,74.55,75.1,74.58,74.6,74.6,75.09
23-Apr-15,74.55,74.55,74.7,74.64,74.7,74.6,74.55,75.1,74.58,74.6,74.6,75.09
16-Apr-15,74.55,74.55,74.7,74.64,74.7,74.6,74.55,75.1,74.58,74.6,74.6,75.09
9-Apr-15,74.55,74.55,74.7,74.64,74.7,74.6,74.55,75.1,74.58,74.6,74.6,75.09
2-Apr-15,74.55,74.55,74.7,74.64,74.7,74.6,74.55,75.1,74.58,74.6,74.6,75.09
26-Mar-15,70.58,70.59,70.7,70.67,70.7,71.5,70.6,71.18,70.6,70.6,70.6,71.21
19-Mar-15,70.58,70.59,70.7,70.67,70.7,71.5,70.6,71.18,70.6,70.6,70.6,71.21
12-Mar-15,70.58,70.59,70.7,70.67,70.7,71.5,70.6,71.18,70.6,70.6,70.6,71.21
5-Mar-15,70.58,70.59,70.7,70.67,70.7,71.5,70.6,71.18,70.6,70.6,70.6,71.21
26-Feb-15,70.58,70.59,70.7,70.67,70.7,71.5,70.6,71.18,70.6,70.6,70.6,71.21
19-Feb-15,70.58,70.59,70.7,70.67,70.7,71.5,70.6,71.18,70.6,70.6,70.6,71.21
12-Feb-15,70.58,70.59,70.7,70.67,70.7,71.5,70.6,71.18,70.6,70.6,70.6,71.21
4-Feb-15,70.58,70.59,70.7,70.67,70.7,71.5,70.6,71.18,70.6,70.6,70.6,71.21
29-Jan-15,78.59,78.61,78.7,78.66,78.7,78.7,78.58,79.2,78.66,78.6,78.6,79.07
22-Jan-15,78.59,78.61,78.7,78.66,78.7,78.7,78.58,79.2,78.66,78.6,78.6,79.07
15-Jan-15,78.59,78.61,78.7,78.66,78.7,78.7,78.58,79.2,78.66,78.6,78.6,79.07
8-Jan-15,78.59,78.61,78.7,78.66,78.7,78.7,78.58,79.2,78.66,78.6,78.6,79.07
1-Jan-15,78.59,78.61,78.7,78.66,78.7,78.7,78.58,79.2,78.66,78.6,78.6,79.07
16-Oct-14,103.9,103.95,104.1,104,104.1,105.6,103.9,104.6,103.9,105,105,104.99
9-Oct-14,103.9,103.95,104.1,104,104.1,105.6,103.9,104.6,103.9,105,105,104.99
2-Oct-14,103.9,103.95,104.1,104,104.1,105.6,103.9,104.6,103.9,105,105,104.99
25-Sep-14,106.95,106.95,106.56,106.95,106.9,108.2,106.9,107.6,106.9,107.9,113.6,108.08
18-Sep-14,106.95,106.95,106.56,106.95,106.9,108.2,106.9,107.6,106.9,107.9,113.6,108.08
11-Sep-14,106.95,106.95,106.56,106.95,106.9,108.2,106.9,107.6,106.9,107.9,113.6,108.08
4-Sep-14,106.95,106.95,106.56,106.95,106.9,108.2,106.9,107.6,106.9,107.9,113.6,108.17
28-Aug-14,108.35,108.35,108.4,108.36,108.4,109.6,108.3,108.9,108.4,109.3,113.6,109.46
21-Aug-14,108.35,108.35,108.4,108.36,108.4,109.6,108.3,108.9,108.4,109.3,113.6,109.46
14-Aug-14,108.35,108.35,108.4,108.36,108.4,109.6,108.3,108.9,108.4,109.3,113.6,109.46
7-Aug-14,108.35,108.35,108.4,108.36,108.4,109.6,108.3,108.9,108.4,109.3,113.6,109.46
28-Jul-14,108.35,108.35,108.4,108.36,108.4,109.6,108.3,108.9,108.4,109.3,113.6,109.46
24-Jul-14,108.35,108.35,108.4,108.36,108.4,109.6,108.3,108.9,108.4,109.3,113.6,109.46
17-Jul-14,108.35,108.35,108.4,108.36,108.4,109.6,108.3,108.9,108.4,109.3,113.6,109.46
30-Apr-14,108.7,108.65,108.8,108.7,108.7,109.9,108.7,109.3,108.7,109.6,113.9,109.86
24-Apr-14,108.7,108.65,108.8,108.7,108.7,109.9,108.7,109.3,108.7,109.6,113.9,109.86
17-Apr-14,108.7,108.65,108.8,108.7,108.7,109.9,108.7,109.3,108.7,109.6,113.9,109.86
10-Apr-14,108.7,108.65,108.8,108.7,108.7,109.9,108.7,109.3,108.7,109.6,113.9,109.86
4-Apr-14,108.7,108.65,108.8,108.7,108.7,109.9,108.7,109.3,108.7,109.6,113.9,109.86
27-Mar-14,110.4,110.4,110.5,110.42,110.4,111.6,110.4,111.2,110.4,111.3,115.6,111.57
20-Mar-14,110.4,110.4,110.5,110.42,110.4,111.6,110.4,111.2,110.4,111.3,115.6,111.57
13-Mar-14,110.4,110.4,110.5,110.42,110.4,111.6,110.4,111.2,110.4,111.3,115.6,111.57
6-Mar-14,110.4,110.4,110.5,110.42,110.4,111.6,110.4,111.2,110.4,111.3,115.6,111.57
27-Feb-14,113.05,113.1,113.2,113.13,113.45,114.9,113.1,113.9,113.1,113.2,118.3,114.09
20-Feb-14,113.05,113.1,113.2,113.13,113.45,114.9,113.1,113.9,113.1,113.2,118.3,114.09
13-Feb-14,113.05,113.1,113.2,113.13,113.45,114.9,113.1,113.9,113.1,113.2,118.3,114.09
6-Feb-14,113.05,113.1,113.2,113.13,113.45,114.9,113.1,113.9,113.1,113.2,118.3,114.09
30-Jan-14,113.05,113.1,113.2,113.13,113.45,114.9,113.1,113.9,113.1,113.2,118.3,114.09
23-Jan-14,113.05,113.1,113.2,113.13,113.45,114.9,113.1,113.9,113.1,113.2,118.3,114.09
16-Jan-14,113.05,113.1,113.2,113.13,113.45,114.9,113.1,113.9,113.1,113.2,118.3,114.09
9-Jan-14,113.05,113.1,113.2,113.13,113.45,114.9,113.1,113.9,113.1,113.2,118.3,114.09
2-Jan-14,113.05,113.1,113.2,113.13,113.45,114.9,113.1,113.9,113.1,113.2,118.3,114.09
26-Dec-13,113.05,113.1,113.2,113.13,113.45,114.9,113.1,113.9,113.1,113.2,118.3,114.09
19-Dec-13,113.05,113.1,113.2,113.13,113.45,114.9,113.1,113.9,113.1,113.2,118.3,114.09
12-Dec-13,113.05,113.1,113.2,113.13,113.45,114.9,113.1,113.9,113.1,113.2,118.3,114.09
28-Nov-13,113.05,113.1,113.2,113.13,113.45,114.9,113.1,113.9,113.1,113.2,118.3,114.09
21-Nov-13,113.05,113.1,113.2,113.13,113.45,114.9,113.1,113.9,113.1,113.2,118.3,114.09
13-Nov-13,113.05,113.1,113.2,113.13,113.45,114.9,113.1,113.9,113.1,113.2,118.3,114.09
7-Nov-13,113.05,113.1,113.2,113.13,113.45,114.9,113.1,113.9,113.1,113.2,118.3,114.09
31-Oct-13,113.53,113.55,113.7,113.61,113.7,115.4,113.6,114.4,113.6,114.82,118.8,115.02
24-Oct-13,113.53,113.55,113.7,113.61,113.7,115.4,113.6,114.4,113.6,114.82,118.8,115.02
14-Oct-13,113.53,113.55,113.7,113.61,113.7,115.4,113.6,114.4,113.6,114.82,118.8,115.02
10-Oct-13,113.53,113.55,113.7,113.61,113.7,115.4,113.6,114.4,113.6,114.82,118.8,115.02
3-Oct-13,113.53,113.55,113.7,113.61,113.7,115.4,113.6,114.4,113.6,114.82,118.8,115.02
26-Sep-13,109.4,109.4,109.6,109.49,109.7,111.2,109.5,110.3,109.5,110.7,114.7,110.88
19-Sep-13,109.4,109.4,109.6,109.49,109.7,111.2,109.5,110.3,109.5,110.7,114.7,110.88
15-Aug-13,104.8,104.8,104.9,104.85,105,106.5,104.9,105.6,104.8,105.8,103.1,105.83
7-Aug-13,104.8,104.8,104.9,104.85,105,106.5,104.9,105.6,104.8,105.8,103.1,105.83
25-Jul-13,102.5,102.1,103.1,102.12,103.2,103.4,102.1,102.7,102.1,103,103,103.45
18-Jul-13,102.5,102.1,103.1,102.12,103.2,103.4,102.1,102.7,102.1,103,103,103.45
11-Jul-13,102.5,102.1,103.1,102.12,103.2,103.4,102.1,102.7,102.1,103,103,103.45
4-Jul-13,102.5,102.1,103.1,102.12,103.2,103.4,102.1,102.7,102.1,103,103,103.45
27-Jun-13,100.1,100.1,100.2,100.12,100.2,100.9,100.1,100.7,100.1,103.1,100.1,101.23
20-Jun-13,100.9,100.9,102.8,101,101.2,103.3,101.1,103.3,101,103.3,103.3,102.59
13-Jun-13,100.1,100.1,100.2,100.12,100.2,100.9,100.1,100.7,100.1,100.04,100.04,100.9
6-Jun-13,100.1,100.1,100.2,100.12,100.2,100.9,100.1,100.7,100.1,100.04,100.04,100.9
30-May-13,97.89,97.89,98,97.94,98,98.7,97.9,98.6,97.9,97.9,97.9,98.76
23-May-13,97.89,97.89,98,97.94,98,98.7,97.9,98.6,97.9,97.9,97.9,98.76
16-May-13,97.89,97.89,98,97.94,98,98.7,97.9,98.6,97.9,97.9,97.9,98.76
9-May-13,97.89,97.89,98,97.94,98,98.7,97.9,98.6,97.9,97.9,97.9,98.76
2-May-13,97.89,97.89,98,97.94,98,98.7,97.9,98.6,97.9,97.9,97.9,98.76
25-Apr-13,102.6,102.6,102.9,102.65,102.7,103.3,102.6,103.7,102.7,102.6,103.8,103.57
18-Apr-13,102.6,102.6,102.9,102.65,102.7,103.3,102.6,103.7,102.7,102.6,103.8,103.57
11-Apr-13,102.6,102.6,102.9,102.65,102.7,103.3,102.6,103.7,102.7,102.6,103.8,103.57
4-Apr-13,102.6,102.6,102.9,102.65,102.7,103.3,102.6,103.7,102.7,102.6,103.8,103.57
28-Mar-13,103.4,103.4,103.6,103.42,103.5,103.45,103.4,104.7,103.5,103.4,104.45,104.27
21-Mar-13,103.4,103.4,103.6,103.42,103.5,103.45,103.4,104.7,103.5,103.4,104.45,104.27
14-Mar-13,103.4,103.4,103.6,103.42,103.5,103.45,103.4,104.7,103.5,103.4,104.45,104.27
7-Mar-13,103.4,103.4,103.6,103.42,103.5,103.45,103.4,104.7,103.5,103.4,104.45,104.27
21-Feb-13,103.4,103.4,103.6,103.42,103.5,103.45,103.4,104.7,103.5,103.4,104.45,104.27
14-Feb-13,103.4,103.4,103.6,103.42,103.5,103.45,103.4,104.7,103.5,103.4,104.45,104.27
7-Feb-13,103.4,103.4,103.6,103.42,103.5,103.45,103.4,104.7,103.5,103.4,104.45,104.27
31-Jan-13,103.4,103.4,103.6,103.42,103.5,103.45,103.4,104.7,103.5,103.4,104.45,104.27
24-Jan-13,103.4,103.4,103.6,103.42,103.5,103.45,103.4,104.7,103.5,103.4,104.45,104.27
17-Jan-13,101.75,101.75,101.9,101.77,101.9,101.8,101.7,102.9,101.8,102.8,103.8,102.71
10-Jan-13,101.75,101.75,101.9,101.77,101.9,101.8,101.7,102.9,101.8,102.8,103.8,102.71
3-Jan-13,101.75,101.75,101.9,101.77,101.9,101.8,101.7,102.9,101.8,102.8,103.8,102.71
